{
  "fichier_id": 1,
  "dossier_id": 1,
  "nom": "1751624738374-Scrolleo.pdf.enc",
  "originalfilename": "1751624738374-Scrolleo.pdf",
  "type": "enc",
  "chemin": "https://arkivabucket.s3.amazonaws.com/uploads/1751624741035-1751624738374-Scrolleo.pdf.enc",
  "taille": 27535,
  "created_at": "2025-07-04T10:25:42.198Z",
  "contenu_ocr": "Projet : Scrolleo – Plateforme de streaming vidéo✅\nPrésentation du projet\nScrolleo est une plateforme de streaming en ligne permettant aux utilisateurs de \nregarder des films et séries à la demande sous forme de scroll de 90s. Le projet \nvise à offrir une expérience de divertissement complète incluant l’authentification\ndes utilisateurs, des systèmes de paiement, la gestion de contenu multimédia, et la\ndiffusion vidéo adaptative.\nMon rôle dans le projet\nJ’ai été responsable de plusieurs composants critiques du backend, en particulier \nle système de téléversement de vidéos, le service de transcodage, la mise en place \ndu streaming adaptatif, ainsi que l’intégration du système de paiements virtuels \nvia des \"coins\".\n 1. Système de gestion des uploads\nJ’ai mis en place les routes backend permettant aux créateurs de contenu de \ntéléverser leurs vidéos. Mon travail comprenait :\n    La configuration de la route POST /upload pour permettre aux réalisateurs \nd’envoyer leurs vidéos.\n    La validation des types de fichiers et de leur taille pour garantir un stockage\nsécurisé.\n    La gestion des métadonnées vidéo (titre, durée, format, etc.).\n    La préparation de l'intégration avec le stockage cloud (AWS S3) pour l’envoi et\nla conservation directe des fichiers.\n    Le retour de l’URL de la vidéo une fois l’envoi terminé.\n    Le déclenchement automatique du processus de transcodage après le \ntéléversement.\n 2. Système de transcodage離\nPour permettre la lecture des vidéos dans différents formats et qualités, j’ai :\n    Configuré un service (transcoder.js) pour convertir les vidéos brutes en format\nHLS à l’aide de FFmpeg.\n    Géré le support de plusieurs qualités (240p, 480p, 720p, 1080p).\n    Veillé à ce que les fichiers transcodés soient enregistrés dans le cloud, et \naccessibles via des URLs sécurisées.\n    Étudié l’intégration de services de transcodage cloud (comme AWS MediaConvert) \npour une future montée en charge.\n 3. Système de streaming adaptatif\nJ’ai développé la logique de diffusion vidéo en streaming :\n    Création de la route GET /stream/:videoId pour renvoyer le fichier .m3u8 \ncorrespondant.\n    Gestion des fragments vidéo nécessaires au streaming HLS.\n\n    Mise en place d’un middleware pour vérifier les droits d’accès de l’utilisateur\n(coins, abonnement...).\n    Préparation de l’intégration avec un CDN (type CloudFront) pour améliorer les \nperformances de diffusion.\n 4. Système de coins et paiements\nJ’ai participé à l’intégration du système de paiements permettant à l’utilisateur \nd’acheter des coins virtuels ou de souscrire à un abonnement :\n    Intégration de l’API Stripe pour les achats ponctuels et abonnements.\n    Développement de la logique de gestion des transactions et mise à jour du solde\ndes utilisateurs.\n    Sécurisation des flux de paiement et gestion des jetons d’authentification.\n Méthodologie de travail易\nL’équipe utilisait une approche Kanban, avec des plannings hebdomadaires et une \ngestion des tâches via Trello. J’ai participé à des points réguliers (stand-up \nmeetings), et chaque livraison de code était relue avant fusion via Git.\n Technologies et outils utilisés️\n    Backend : Node.js, Express\n    Vidéo : FFmpeg, HLS\n    Cloud : AWS S3, (prévu : AWS CloudFront)\n    Paiements : API Stripe\n    File d’attente : Bull\n    CI/CD & Conteneurisation : Docker\n    Base de données : PostgreSQL\n Difficultés rencontrées et solutions apportées\n    Problème : lenteur de l’upload et limitations liées à la taille des fichiers \nvidéo\n    Solution : optimisation du middleware, passage à un upload par flux \n(streaming), et ajustement de la configuration AWS S3.\n    Problème : complexité des paramètres FFmpeg pour le HLS\n    Solution : création de scripts réutilisables testés pour produire des vidéos \ntranscodées stables.\n    Problème : sécurisation des accès aux contenus premium\n    Solution : mise en place d’un middleware robuste vérifiant l’abonnement ou le \nsolde de coins de l’utilisateur.\n Conseils pour le développeur suivant\n    Vérifiez bien les variables d’environnement liées à Stripe et AWS — sans elles,\nles paiements et les uploads échoueront.\n\n    Le fichier transcoder.js contient les profils de qualité vidéo — assurez-vous \nqu’ils sont synchronisés avec les attentes du frontend.\n    Validez toujours les fichiers uploadés avant de lancer leur traitement pour \néviter les pertes de temps et d’espace.\n    Le CDN n’est pas encore intégré — le streaming se fait pour l’instant \ndirectement depuis S3.",
  "is_deleted": false,
  "version_id": 0,
  "jsonstring": null
}